"Consequent","Split Value 1","Split Value 2","Split Value 3","ItemSetSupport","RelativeItemSetSupport%","RuleConfidence%","AbsoluteBodySetSupport","RelativeBodySetSupport%","RuleLift","RuleLift%","AbsoluteHeadItemSupport","RelativeHeadItemSupport%"
"boottocht","Cluster_17",,,19,0.43399,13.5,141.0,3.2,16.38731,1638.73128,36.0,0.82229
"panason","Cluster_23_presquile",,,30,0.68524,12.0,250.0,5.7,11.42087,1142.08696,46.0,1.05071
"francja","Cluster_23",,,21,0.47967,6.8,311.0,7.1,4.4791,447.90997,66.0,1.50754
"artific","Cluster_19",,,12,0.2741,6.3,189.0,4.3,4.55686,455.68566,61.0,1.39333
"lumix","Cluster_23_presquile",,,27,0.61672,10.8,250.0,5.7,8.01397,801.39661,59.0,1.34765
"feu","Cluster_19",,,12,0.2741,6.3,189.0,4.3,4.48336,448.33589,62.0,1.41617
"sculptur","Cluster_23_presquile",,,18,0.41115,7.2,250.0,5.7,6.85252,685.25217,46.0,1.05071
"automn","Cluster_25",,,17,0.38831,5.2,326.0,7.4,5.18865,518.86503,44.0,1.00503
"girl","Cluster_22_presquile",,,23,0.52535,10.2,226.0,5.2,7.95623,795.62263,56.0,1.27912
"lhc","Cluster_10",,,63,1.43901,37.3,169.0,3.9,25.90533,2590.53254,63.0,1.43901
"spectacl","Cluster_23_presquile",,,61,1.39333,24.4,250.0,5.7,17.512,1751.2,61.0,1.39333
"musé","Cluster_23_presquile",,,22,0.50251,8.8,250.0,5.7,4.32881,432.8809,89.0,2.03289
"musé","Cluster_15_presquile",,,45,1.02787,7.4,608.0,13.9,3.64078,364.07821,89.0,2.03289
"canoneos6d","Cluster_25",,,34,0.77661,10.4,326.0,7.4,8.78079,878.07928,52.0,1.18776
"fetedeslumier","Cluster_23_presquile",,,61,1.39333,24.4,250.0,5.7,16.69113,1669.1125,64.0,1.46185
"theatr","Cluster_19",,,59,1.34765,31.2,189.0,4.3,19.80692,1980.69166,69.0,1.57606
"confluenc","Cluster_17",,,46,1.05071,32.6,141.0,3.2,16.04813,1604.81313,89.0,2.03289
"natur","Cluster_25",,,32,0.73093,9.8,326.0,7.4,6.31974,631.97402,68.0,1.55322
"eo","Cluster_25",,,33,0.75377,10.1,326.0,7.4,8.68964,868.96427,51.0,1.16492
"rise","Cluster_11_presquile",,,13,0.29694,8.4,154.0,3.5,6.26392,626.39225,59.0,1.34765
"parcdelatêtedor","Cluster_25",,,104,2.37551,31.9,326.0,7.4,11.08462,1108.46236,126.0,2.87803
"hockey","Cluster_10",,,106,2.4212,62.7,169.0,3.9,25.90533,2590.53254,106.0,2.4212
"vill","Cluster_17",,,9,0.20557,6.4,141.0,3.2,2.38843,238.84343,117.0,2.67245
"citi","Cluster_17",,,12,0.2741,8.5,141.0,3.2,2.25816,225.8156,165.0,3.76884
"architectur","Cluster_17",,,16,0.36546,11.3,141.0,3.2,2.79098,279.09794,178.0,4.06578
"byinstagram","Cluster_17",,,11,0.25126,7.8,141.0,3.2,0.75731,75.73084,451.0,10.30151
"instagramapp","Cluster_17",,,11,0.25126,7.8,141.0,3.2,0.75396,75.39649,453.0,10.34719
"iphoneographi","Cluster_17",,,11,0.25126,7.8,141.0,3.2,0.75396,75.39649,453.0,10.34719
"squareformat","Cluster_17",,,11,0.25126,7.8,141.0,3.2,0.74573,74.57338,458.0,10.4614
"squar","Cluster_17",,,11,0.25126,7.8,141.0,3.2,0.73293,73.29315,466.0,10.64413
"upload","Cluster_17",,,11,0.25126,7.8,141.0,3.2,0.68309,68.30922,500.0,11.42074
"rhônealp","Cluster_17",,,14,0.31978,9.9,141.0,3.2,0.79324,79.32391,548.0,12.51713
"franc","Cluster_17",,,66,1.50754,46.8,141.0,3.2,1.02056,102.05561,2008.0,45.86569
"lyon","Cluster_17",,,114,2.60393,80.9,141.0,3.2,1.00702,100.70155,3515.0,80.2878
"couleur","Cluster_22_presquile",,,14,0.31978,6.2,226.0,5.2,2.55852,255.8524,106.0,2.4212
"couleur","Cluster_23_presquile",,,63,1.43901,25.2,250.0,5.7,10.40808,1040.80755,106.0,2.4212
"black","Cluster_25",,,18,0.41115,5.5,326.0,7.4,3.66258,366.25767,66.0,1.50754
"white","Cluster_25",,,21,0.47967,6.4,326.0,7.4,4.14733,414.73295,68.0,1.55322
"parc","Cluster_25",,,91,2.07857,27.9,326.0,7.4,10.81487,1081.48651,113.0,2.58109
"terreaux","Cluster_23_presquile",,,16,0.36546,6.4,250.0,5.7,4.44749,444.74921,63.0,1.43901
"canon","Cluster_25",,,34,0.77661,10.4,326.0,7.4,4.90969,490.96906,93.0,2.12426
"charlemagn","Cluster_10",,,157,3.58611,92.9,169.0,3.9,25.90533,2590.53254,157.0,3.58611
"bellecour","Cluster_22_presquile",,,32,0.73093,14.2,226.0,5.2,8.05057,805.05689,77.0,1.75879
"lion","Cluster_10",,,123,2.8095,72.8,169.0,3.9,16.34028,1634.02822,195.0,4.45409
"franc","Cluster_10",,,19,0.43399,11.2,169.0,3.9,0.24512,24.51201,2008.0,45.86569
"lyon","Cluster_10",,,168,3.83737,99.4,169.0,3.9,1.23815,123.81493,3515.0,80.2878
"oldtown","Cluster_19",,,11,0.25126,5.8,189.0,4.3,3.14573,314.57313,81.0,1.85016
"vieuxlyon","Cluster_19",,,11,0.25126,5.8,189.0,4.3,1.76947,176.94738,144.0,3.28917
"nuit","Cluster_19",,,70,1.5989,37.0,189.0,4.3,7.11176,711.17609,228.0,5.20786
"fourvier","Cluster_19",,,94,2.1471,49.7,189.0,4.3,12.44239,1244.23885,175.0,3.99726
"citi","Cluster_19",,,12,0.2741,6.3,189.0,4.3,1.68466,168.46561,165.0,3.76884
"fourvièr","Cluster_19",,,47,1.07355,24.9,189.0,4.3,5.23418,523.41779,208.0,4.75103
"rhônealp","Cluster_19",,,14,0.31978,7.4,189.0,4.3,0.59178,59.17816,548.0,12.51713
"franc","Cluster_19",,,73,1.66743,38.6,189.0,4.3,0.84212,84.21183,2008.0,45.86569
"lyon","Cluster_19",,,121,2.76382,64.0,189.0,4.3,0.7974,79.73959,3515.0,80.2878
"blackandwhit","Cluster_25",,,18,0.41115,5.5,326.0,7.4,1.84527,184.52676,131.0,2.99223
"traboul","Cluster_15_presquile",,,34,0.77661,5.6,608.0,13.9,2.91455,291.4552,84.0,1.91868
"noiretblanc","Cluster_11_presquile",,,9,0.20557,5.8,154.0,3.5,1.75245,175.24462,146.0,3.33486
"noiretblanc","Cluster_25",,,18,0.41115,5.5,326.0,7.4,1.65569,165.56854,146.0,3.33486
"rhonealp","Cluster_22_presquile",,,21,0.47967,9.3,226.0,5.2,3.28069,328.0688,124.0,2.83234
"rhonealp","Cluster_23",,,18,0.41115,5.8,311.0,7.1,2.04346,204.34602,124.0,2.83234
"night","Cluster_15_presquile",,,36,0.82229,5.9,608.0,13.9,2.49254,249.25354,104.0,2.37551
"oldtown","Cluster_15_presquile",,,40,0.91366,6.6,608.0,13.9,3.55588,355.58804,81.0,1.85016
"citi","Cluster_22_presquile",,,15,0.34262,6.6,226.0,5.2,1.76106,176.10619,165.0,3.76884
"fourvièr","Cluster_22_presquile",,,12,0.2741,5.3,226.0,5.2,1.1176,111.7597,208.0,4.75103
"street","Cluster_22_presquile",,,20,0.45683,8.8,226.0,5.2,1.78541,178.54084,217.0,4.9566
"upload","Cluster_22_presquile",,,16,0.36546,7.1,226.0,5.2,0.61989,61.98938,500.0,11.42074
"europ","Cluster_22_presquile",,,51,1.16492,22.6,226.0,5.2,2.35789,235.78896,419.0,9.57058
"rhônealp","Cluster_22_presquile",,,15,0.34262,6.6,226.0,5.2,0.53025,53.02468,548.0,12.51713
"franc","Cluster_22_presquile",,,100,2.28415,44.2,226.0,5.2,0.96473,96.47252,2008.0,45.86569
"lyon","Cluster_22_presquile",,,208,4.75103,92.0,226.0,5.2,1.14632,114.63186,3515.0,80.2878
"street","Cluster_11_presquile",,,21,0.47967,13.6,154.0,3.5,2.75115,275.11521,217.0,4.9566
"foursquar","Cluster_11_presquile",,,54,1.23344,35.1,154.0,3.5,6.06776,606.77583,253.0,5.77889
"lyo15","Cluster_11_presquile",,,8,0.18273,5.2,154.0,3.5,1.4126,141.25998,161.0,3.67748
"frankreich","Cluster_11_presquile",,,8,0.18273,5.2,154.0,3.5,1.29959,129.95918,175.0,3.99726
"byinstagram","Cluster_11_presquile",,,62,1.41617,40.3,154.0,3.5,3.90814,390.81406,451.0,10.30151
"instagramapp","Cluster_11_presquile",,,63,1.43901,40.9,154.0,3.5,3.95364,395.36424,453.0,10.34719
"iphoneographi","Cluster_11_presquile",,,63,1.43901,40.9,154.0,3.5,3.95364,395.36424,453.0,10.34719
"squareformat","Cluster_11_presquile",,,64,1.46185,41.6,154.0,3.5,3.97255,397.25515,458.0,10.4614
"squar","Cluster_11_presquile",,,63,1.43901,40.9,154.0,3.5,3.84335,384.33476,466.0,10.64413
"upload","Cluster_11_presquile",,,63,1.43901,40.9,154.0,3.5,3.582,358.2,500.0,11.42074
"europ","Cluster_11_presquile",,,14,0.31978,9.1,154.0,3.5,0.94988,94.98807,419.0,9.57058
"nikon","Cluster_11_presquile",,,10,0.22841,6.5,154.0,3.5,0.97358,97.35812,292.0,6.66971
"rhônealp","Cluster_11_presquile",,,13,0.29694,8.4,154.0,3.5,0.6744,67.44004,548.0,12.51713
"franc","Cluster_11_presquile",,,45,1.02787,29.2,154.0,3.5,0.63709,63.70945,2008.0,45.86569
"lyon","Cluster_11_presquile",,,90,2.05573,58.4,154.0,3.5,0.7279,72.79008,3515.0,80.2878
"d3200","Cluster_15_presquile",,,38,0.86798,6.2,608.0,13.9,3.14511,314.51149,87.0,1.98721
"winter","Cluster_15_presquile",,,38,0.86798,6.2,608.0,13.9,2.97418,297.41848,92.0,2.10142
"vieuxlyon","Cluster_15_presquile",,,95,2.16994,15.6,608.0,13.9,4.75043,475.0434,144.0,3.28917
"nuit","Cluster_23_presquile",,,61,1.39333,24.4,250.0,5.7,4.68523,468.52281,228.0,5.20786
"street","Cluster_23_presquile",,,23,0.52535,9.2,250.0,5.7,1.85611,185.61106,217.0,4.9566
"foursquar","Cluster_23_presquile",,,15,0.34262,6.0,250.0,5.7,1.03826,103.82609,253.0,5.77889
"byinstagram","Cluster_23_presquile",,,24,0.5482,9.6,250.0,5.7,0.9319,93.19024,451.0,10.30151
"instagramapp","Cluster_23_presquile",,,24,0.5482,9.6,250.0,5.7,0.92779,92.77881,453.0,10.34719
"iphoneographi","Cluster_23_presquile",,,24,0.5482,9.6,250.0,5.7,0.92779,92.77881,453.0,10.34719
"squareformat","Cluster_23_presquile",,,25,0.57104,10.0,250.0,5.7,0.9559,95.58952,458.0,10.4614
"squar","Cluster_23_presquile",,,27,0.61672,10.8,250.0,5.7,1.01464,101.46438,466.0,10.64413
"upload","Cluster_23_presquile",,,24,0.5482,9.6,250.0,5.7,0.84058,84.0576,500.0,11.42074
"rhônealp","Cluster_23_presquile",,,17,0.38831,6.8,250.0,5.7,0.54326,54.32555,548.0,12.51713
"franc","Cluster_23_presquile",,,56,1.27912,22.4,250.0,5.7,0.48838,48.83825,2008.0,45.86569
"lyon","Cluster_23_presquile",,,192,4.38556,76.8,250.0,5.7,0.95656,95.65587,3515.0,80.2878
"fourvier","Cluster_23",,,22,0.50251,7.1,311.0,7.1,1.7697,176.97014,175.0,3.99726
"rhone","Cluster_23",,,28,0.63956,9.0,311.0,7.1,3.00886,300.88609,131.0,2.99223
"rhône","Cluster_25",,,32,0.73093,9.8,326.0,7.4,2.02709,202.70865,212.0,4.84239
"upload","Cluster_25",,,20,0.45683,6.1,326.0,7.4,0.53718,53.71779,500.0,11.42074
"rhônealp","Cluster_25",,,43,0.98218,13.2,326.0,7.4,1.05377,105.37705,548.0,12.51713
"franc","Cluster_25",,,137,3.12928,42.0,326.0,7.4,0.91625,91.62522,2008.0,45.86569
"lyon","Cluster_25",,,285,6.50982,87.4,326.0,7.4,1.08887,108.88742,3515.0,80.2878
"basiliqu","Cluster_23",,,76,1.73595,24.4,311.0,7.1,8.84186,884.18591,121.0,2.76382
"rhône","Cluster_15_presquile",,,33,0.75377,5.4,608.0,13.9,1.12086,112.08571,212.0,4.84239
"fourvièr","Cluster_23",,,101,2.30699,32.5,311.0,7.1,6.83555,683.55491,208.0,4.75103
"architectur","Cluster_15_presquile",,,44,1.00503,7.2,608.0,13.9,1.77994,177.99379,178.0,4.06578
"kirch","Cluster_23",,,28,0.63956,9.0,311.0,7.1,3.98142,398.14219,99.0,2.26131
"church","Cluster_23",,,41,0.9365,13.2,311.0,7.1,4.1226,412.25999,140.0,3.19781
"l35d800","Cluster_23",,,29,0.6624,9.3,311.0,7.1,2.60024,260.02417,157.0,3.58611
"leitax","Cluster_23",,,29,0.6624,9.3,311.0,7.1,2.60024,260.02417,157.0,3.58611
"summicronr35mmf2","Cluster_23",,,29,0.6624,9.3,311.0,7.1,2.60024,260.02417,157.0,3.58611
"summicronr","Cluster_23",,,29,0.6624,9.3,311.0,7.1,2.60024,260.02417,157.0,3.58611
"summicron","Cluster_23",,,29,0.6624,9.3,311.0,7.1,2.60024,260.02417,157.0,3.58611
"leitz","Cluster_23",,,29,0.6624,9.3,311.0,7.1,2.60024,260.02417,157.0,3.58611
"leica","Cluster_23",,,30,0.68524,9.6,311.0,7.1,2.67288,267.28805,158.0,3.60895
"d800","Cluster_23",,,29,0.6624,9.3,311.0,7.1,2.56753,256.75342,159.0,3.6318
"lyo15","Cluster_23",,,29,0.6624,9.3,311.0,7.1,2.53564,253.56394,161.0,3.67748
"35mm","Cluster_23",,,29,0.6624,9.3,311.0,7.1,2.48926,248.92557,164.0,3.746
"frankreich","Cluster_23",,,29,0.6624,9.3,311.0,7.1,2.33279,233.27882,175.0,3.99726
"nikon","Cluster_23",,,32,0.73093,10.3,311.0,7.1,1.5427,154.27036,292.0,6.66971
"rhônealp","Cluster_23",,,64,1.46185,20.6,311.0,7.1,1.64405,164.40491,548.0,12.51713
"franc","Cluster_23",,,202,4.61398,65.0,311.0,7.1,1.41613,141.61297,2008.0,45.86569
"lyon","Cluster_23",,,272,6.21288,87.5,311.0,7.1,1.08933,108.93287,3515.0,80.2878
"foursquar","Cluster_15_presquile",,,35,0.79945,5.8,608.0,13.9,0.99614,99.61384,253.0,5.77889
"byinstagram","Cluster_15_presquile",,,67,1.53038,11.0,608.0,13.9,1.06972,106.97208,451.0,10.30151
"instagramapp","Cluster_15_presquile",,,67,1.53038,11.0,608.0,13.9,1.065,106.4998,453.0,10.34719
"iphoneographi","Cluster_15_presquile",,,67,1.53038,11.0,608.0,13.9,1.065,106.4998,453.0,10.34719
"squareformat","Cluster_15_presquile",,,68,1.55322,11.2,608.0,13.9,1.06909,106.90933,458.0,10.4614
"squar","Cluster_15_presquile",,,67,1.53038,11.0,608.0,13.9,1.03529,103.52877,466.0,10.64413
"upload","Cluster_15_presquile",,,74,1.69027,12.2,608.0,13.9,1.0657,106.56974,500.0,11.42074
"europ","Cluster_15_presquile",,,43,0.98218,7.1,608.0,13.9,0.73897,73.89697,419.0,9.57058
"nikon","Cluster_15_presquile",,,67,1.53038,11.0,608.0,13.9,1.65221,165.22057,292.0,6.66971
"rhônealp","Cluster_15_presquile",,,95,2.16994,15.6,608.0,13.9,1.24829,124.82892,548.0,12.51713
"franc","Cluster_15_presquile",,,346,7.90315,56.9,608.0,13.9,1.24075,124.07508,2008.0,45.86569
"lyon","Cluster_15_presquile",,,498,11.37506,81.9,608.0,13.9,1.02018,102.01786,3515.0,80.2878
"francja","Cluster_23","franc",,21,0.47967,10.4,202.0,4.6,6.89604,689.60396,66.0,1.50754
"francja","Cluster_23","lyon",,21,0.47967,7.7,272.0,6.2,5.12132,512.13235,66.0,1.50754
"sculptur","Cluster_23_presquile","lyon",,15,0.34262,7.8,192.0,4.4,7.43546,743.5462,46.0,1.05071
"automn","Cluster_25","lyon",,15,0.34262,5.3,285.0,6.5,5.23684,523.68421,44.0,1.00503
"girl","Cluster_22_presquile","lyon",,23,0.52535,11.1,208.0,4.8,8.64475,864.47459,56.0,1.27912
"lhc","charlemagn","Cluster_10",,63,1.43901,40.1,157.0,3.6,27.88535,2788.53503,63.0,1.43901
"lhc","Cluster_10","lyon",,63,1.43901,37.5,168.0,3.8,26.05952,2605.95238,63.0,1.43901
"spectacl","Cluster_23_presquile","lyon",,61,1.39333,31.8,192.0,4.4,22.80208,2280.20833,61.0,1.39333
"musé","Cluster_23_presquile","lyon",,22,0.50251,11.5,192.0,4.4,5.63647,563.647,89.0,2.03289
"musé","Cluster_15_presquile","franc",,45,1.02787,13.0,346.0,7.9,6.39767,639.76749,89.0,2.03289
"musé","Cluster_15_presquile","lyon",,45,1.02787,9.0,498.0,11.4,4.44497,444.49709,89.0,2.03289
"canoneos6d","Cluster_25","franc",,34,0.77661,24.8,137.0,3.1,20.89444,2089.44413,52.0,1.18776
"canoneos6d","Cluster_25","lyon",,34,0.77661,11.9,285.0,6.5,10.04399,1004.39946,52.0,1.18776
"fetedeslumier","Cluster_23_presquile","lyon",,61,1.39333,31.8,192.0,4.4,21.73324,2173.32357,64.0,1.46185
"blackwhit","Cluster_23_presquile","lyon",,10,0.22841,5.2,192.0,4.4,4.95697,495.69746,46.0,1.05071
"natur","Cluster_25","franc",,9,0.20557,6.6,137.0,3.1,4.2295,422.94976,68.0,1.55322
"natur","Cluster_25","lyon",,30,0.68524,10.5,285.0,6.5,6.77709,677.70898,68.0,1.55322
"eo","Cluster_25","franc",,32,0.73093,23.4,137.0,3.1,20.05095,2005.09518,51.0,1.16492
"eo","Cluster_25","lyon",,32,0.73093,11.2,285.0,6.5,9.63853,963.85277,51.0,1.16492
"parcdelatêtedor","Cluster_25","franc",,28,0.63956,20.4,137.0,3.1,7.10138,710.13788,126.0,2.87803
"parcdelatêtedor","Cluster_25","lyon",,101,2.30699,35.4,285.0,6.5,12.31351,1231.3506,126.0,2.87803
"oldhous","Cluster_15_presquile","franc",,18,0.41115,5.2,346.0,7.9,6.1556,615.56007,37.0,0.84513
"hockey","charlemagn","Cluster_10",,95,2.16994,60.5,157.0,3.6,24.99159,2499.15875,106.0,2.4212
"hockey","Cluster_10","lyon",,106,2.4212,63.1,168.0,3.8,26.05952,2605.95238,106.0,2.4212
"couleur","Cluster_22_presquile","lyon",,14,0.31978,6.7,208.0,4.8,2.77993,277.99347,106.0,2.4212
"couleur","Cluster_23_presquile","lyon",,62,1.41617,32.3,192.0,4.4,13.33707,1333.70676,106.0,2.4212
"black","Cluster_23_presquile","lyon",,12,0.2741,6.2,192.0,4.4,4.14583,414.58333,66.0,1.50754
"black","Cluster_25","lyon",,16,0.36546,5.6,285.0,6.5,3.72398,372.39766,66.0,1.50754
"white","Cluster_23_presquile","lyon",,12,0.2741,6.2,192.0,4.4,4.0239,402.38971,68.0,1.55322
"white","Cluster_25","lyon",,18,0.41115,6.3,285.0,6.5,4.06625,406.62539,68.0,1.55322
"parc","Cluster_25","franc",,62,1.41617,45.3,137.0,3.1,17.53349,1753.34927,113.0,2.58109
"parc","Cluster_25","lyon",,89,2.03289,31.2,285.0,6.5,12.0988,1209.88045,113.0,2.58109
"terreaux","Cluster_23_presquile","lyon",,15,0.34262,7.8,192.0,4.4,5.42907,542.90675,63.0,1.43901
"canon","Cluster_25","franc",,32,0.73093,23.4,137.0,3.1,10.99568,1099.56832,93.0,2.12426
"canon","Cluster_25","lyon",,33,0.75377,11.6,285.0,6.5,5.45082,545.08206,93.0,2.12426
"lion","charlemagn","Cluster_10",,112,2.55825,71.3,157.0,3.6,16.0162,1601.62012,195.0,4.45409
"franc","charlemagn","Cluster_10",,19,0.43399,12.1,157.0,3.6,0.26386,26.38554,2008.0,45.86569
"lyon","charlemagn","Cluster_10",,157,3.58611,100.0,157.0,3.6,1.24552,124.55192,3515.0,80.2878
"charlemagn","Cluster_10","lyon",,157,3.58611,93.5,168.0,3.8,26.05952,2605.95238,157.0,3.58611
"bellecour","Cluster_22_presquile","lyon",,32,0.73093,15.4,208.0,4.8,8.74725,874.72527,77.0,1.75879
"lion","Cluster_10","lyon",,123,2.8095,73.2,168.0,3.8,16.43755,1643.75458,195.0,4.45409
"franc","Cluster_10","lyon",,19,0.43399,11.3,168.0,3.8,0.24658,24.65792,2008.0,45.86569
"blackandwhit","Cluster_23_presquile","lyon",,12,0.2741,6.2,192.0,4.4,2.08874,208.87405,131.0,2.99223
"blackandwhit","Cluster_25","lyon",,17,0.38831,6.0,285.0,6.5,1.99346,199.34646,131.0,2.99223
"traboul","Cluster_15_presquile","franc",,23,0.52535,6.6,346.0,7.9,3.46456,346.4561,84.0,1.91868
"traboul","Cluster_15_presquile","lyon",,34,0.77661,6.8,498.0,11.4,3.55833,355.83286,84.0,1.91868
"noiretblanc","Cluster_23_presquile","lyon",,12,0.2741,6.2,192.0,4.4,1.87414,187.41438,146.0,3.33486
"noiretblanc","Cluster_25","lyon",,16,0.36546,5.6,285.0,6.5,1.68344,168.34415,146.0,3.33486
"rhonealp","Cluster_22_presquile","lyon",,21,0.47967,10.1,208.0,4.8,3.56459,356.45937,124.0,2.83234
"rhonealp","Cluster_23","franc",,18,0.41115,8.9,202.0,4.6,3.14612,314.61195,124.0,2.83234
"rhonealp","Cluster_23","lyon",,18,0.41115,6.6,272.0,6.2,2.33646,233.64564,124.0,2.83234
"rhonealp","Cluster_15_presquile","franc",,21,0.47967,6.1,346.0,7.9,2.14288,214.28771,124.0,2.83234
"night","Cluster_15_presquile","franc",,31,0.70809,9.0,346.0,7.9,3.77162,377.16207,104.0,2.37551
"night","Cluster_15_presquile","lyon",,35,0.79945,7.0,498.0,11.4,2.95857,295.8565,104.0,2.37551
"saon","Cluster_23","lyon",,15,0.34262,5.5,272.0,6.2,3.01792,301.79228,80.0,1.82732
"oldtown","Cluster_15_presquile","franc",,40,0.91366,11.6,346.0,7.9,6.24848,624.84836,81.0,1.85016
"oldtown","Cluster_15_presquile","lyon",,40,0.91366,8.0,498.0,11.4,4.34132,434.13159,81.0,1.85016
"citi","Cluster_22_presquile","lyon",,15,0.34262,7.2,208.0,4.8,1.91346,191.34615,165.0,3.76884
"fourvièr","Cluster_22_presquile","lyon",,12,0.2741,5.8,208.0,4.8,1.21431,121.43121,208.0,4.75103
"street","Cluster_22_presquile","lyon",,18,0.41115,8.7,208.0,4.8,1.74592,174.59234,217.0,4.9566
"europ","Cluster_22_presquile","lyon",,51,1.16492,24.5,208.0,4.8,2.56194,256.19378,419.0,9.57058
"rhônealp","Cluster_22_presquile","lyon",,15,0.34262,7.2,208.0,4.8,0.57613,57.61335,548.0,12.51713
"franc","Cluster_22_presquile","lyon",,100,2.28415,48.1,208.0,4.8,1.04821,104.8211,2008.0,45.86569
"sunnyday","Cluster_15_presquile","franc",,27,0.61672,7.8,346.0,7.9,4.74494,474.49422,72.0,1.64459
"sunnyday","Cluster_15_presquile","lyon",,27,0.61672,5.4,498.0,11.4,3.29669,329.66867,72.0,1.64459
"d3200","Cluster_15_presquile","franc",,38,0.86798,11.0,346.0,7.9,5.52668,552.6676,87.0,1.98721
"d3200","Cluster_15_presquile","lyon",,38,0.86798,7.6,498.0,11.4,3.83982,383.9819,87.0,1.98721
"winter","Cluster_15_presquile","franc",,38,0.86798,11.0,346.0,7.9,5.22631,522.63131,92.0,2.10142
"winter","Cluster_15_presquile","lyon",,38,0.86798,7.6,498.0,11.4,3.63113,363.11332,92.0,2.10142
"lion","Cluster_25","franc",,8,0.18273,5.8,137.0,3.1,1.31102,131.10238,195.0,4.45409
"vieuxlyon","Cluster_15_presquile","franc",,91,2.07857,26.3,346.0,7.9,7.99611,799.61063,144.0,3.28917
"vieuxlyon","Cluster_15_presquile","lyon",,94,2.1471,18.9,498.0,11.4,5.73868,573.86769,144.0,3.28917
"vill","Cluster_25","lyon",,16,0.36546,5.6,285.0,6.5,2.1007,210.07048,117.0,2.67245
"nuit","Cluster_23_presquile","lyon",,61,1.39333,31.8,192.0,4.4,6.10056,610.05574,228.0,5.20786
"rhône","Cluster_23_presquile","lyon",,10,0.22841,5.2,192.0,4.4,1.07557,107.557,212.0,4.84239
"street","Cluster_23_presquile","lyon",,22,0.50251,11.5,192.0,4.4,2.31173,231.1732,217.0,4.9566
"rhônealp","Cluster_23_presquile","lyon",,13,0.29694,6.8,192.0,4.4,0.54093,54.09253,548.0,12.51713
"franc","Cluster_23_presquile","lyon",,51,1.16492,26.6,192.0,4.4,0.57914,57.91366,2008.0,45.86569
"fourvier","Cluster_23","lyon",,21,0.47967,7.7,272.0,6.2,1.93147,193.14706,175.0,3.99726
"rhone","Cluster_23","franc",,13,0.29694,6.4,202.0,4.6,2.15078,215.07823,131.0,2.99223
"rhone","Cluster_23","lyon",,28,0.63956,10.3,272.0,6.2,3.44028,344.02784,131.0,2.99223
"citi","Cluster_23","franc",,14,0.31978,6.9,202.0,4.6,1.83894,183.89439,165.0,3.76884
"citi","Cluster_23","lyon",,14,0.31978,5.1,272.0,6.2,1.36569,136.56863,165.0,3.76884
"rhône","Cluster_25","franc",,32,0.73093,23.4,137.0,3.1,4.82358,482.3578,212.0,4.84239
"rhône","Cluster_25","lyon",,32,0.73093,11.2,285.0,6.5,2.3187,231.87024,212.0,4.84239
"europ","Cluster_25","franc",,7,0.15989,5.1,137.0,3.1,0.53387,53.38745,419.0,9.57058
"rhônealp","Cluster_25","franc",,43,0.98218,31.4,137.0,3.1,2.50751,250.75124,548.0,12.51713
"rhônealp","Cluster_25","lyon",,43,0.98218,15.1,285.0,6.5,1.20537,120.53656,548.0,12.51713
"lyon","Cluster_25","franc",,136,3.10644,99.3,137.0,3.1,1.23643,123.64278,3515.0,80.2878
"franc","Cluster_25","lyon",,136,3.10644,47.7,285.0,6.5,1.04041,104.04138,2008.0,45.86569
"basiliqu","Cluster_23","franc",,50,1.14207,24.8,202.0,4.6,8.9559,895.58956,121.0,2.76382
"basiliqu","Cluster_23","lyon",,76,1.73595,27.9,272.0,6.2,10.10963,1010.96257,121.0,2.76382
"rhône","Cluster_15_presquile","franc",,28,0.63956,8.1,346.0,7.9,1.67117,167.11746,212.0,4.84239
"rhône","Cluster_15_presquile","lyon",,31,0.70809,6.2,498.0,11.4,1.2855,128.55005,212.0,4.84239
"fourvièr","Cluster_23","franc",,73,1.66743,36.1,202.0,4.6,7.60648,760.64832,208.0,4.75103
"fourvièr","Cluster_23","lyon",,84,1.91868,30.9,272.0,6.2,6.50014,650.01414,208.0,4.75103
"fourvièr","Cluster_15_presquile","lyon",,29,0.6624,5.8,498.0,11.4,1.22569,122.56912,208.0,4.75103
"architectur","Cluster_15_presquile","franc",,41,0.9365,11.8,346.0,7.9,2.9145,291.44963,178.0,4.06578
"architectur","Cluster_15_presquile","lyon",,44,1.00503,8.8,498.0,11.4,2.1731,217.30969,178.0,4.06578
"kirch","Cluster_23","franc",,28,0.63956,13.9,202.0,4.6,6.12981,612.9813,99.0,2.26131
"kirch","Cluster_23","lyon",,28,0.63956,10.3,272.0,6.2,4.55229,455.22876,99.0,2.26131
"church","Cluster_23","franc",,40,0.91366,19.8,202.0,4.6,6.19236,619.23621,140.0,3.19781
"church","Cluster_23","lyon",,40,0.91366,14.7,272.0,6.2,4.59874,459.87395,140.0,3.19781
"l35d800","Cluster_23","franc",,29,0.6624,14.4,202.0,4.6,4.00334,400.33424,157.0,3.58611
"l35d800","Cluster_23","lyon",,29,0.6624,10.7,272.0,6.2,2.97307,297.30704,157.0,3.58611
"leitax","Cluster_23","franc",,29,0.6624,14.4,202.0,4.6,4.00334,400.33424,157.0,3.58611
"leitax","Cluster_23","lyon",,29,0.6624,10.7,272.0,6.2,2.97307,297.30704,157.0,3.58611
"summicronr35mmf2","Cluster_23","franc",,29,0.6624,14.4,202.0,4.6,4.00334,400.33424,157.0,3.58611
"summicronr35mmf2","Cluster_23","lyon",,29,0.6624,10.7,272.0,6.2,2.97307,297.30704,157.0,3.58611
"summicronr","Cluster_23","franc",,29,0.6624,14.4,202.0,4.6,4.00334,400.33424,157.0,3.58611
"summicronr","Cluster_23","lyon",,29,0.6624,10.7,272.0,6.2,2.97307,297.30704,157.0,3.58611
"summicron","Cluster_23","franc",,29,0.6624,14.4,202.0,4.6,4.00334,400.33424,157.0,3.58611
"summicron","Cluster_23","lyon",,29,0.6624,10.7,272.0,6.2,2.97307,297.30704,157.0,3.58611
"leitz","Cluster_23","franc",,29,0.6624,14.4,202.0,4.6,4.00334,400.33424,157.0,3.58611
"leitz","Cluster_23","lyon",,29,0.6624,10.7,272.0,6.2,2.97307,297.30704,157.0,3.58611
"leica","Cluster_23","franc",,29,0.6624,14.4,202.0,4.6,3.978,397.80048,158.0,3.60895
"leica","Cluster_23","lyon",,29,0.6624,10.7,272.0,6.2,2.95425,295.42535,158.0,3.60895
"d800","Cluster_23","franc",,29,0.6624,14.4,202.0,4.6,3.95299,395.29859,159.0,3.6318
"d800","Cluster_23","lyon",,29,0.6624,10.7,272.0,6.2,2.93567,293.56733,159.0,3.6318
"lyo15","Cluster_23","franc",,29,0.6624,14.4,202.0,4.6,3.90388,390.38805,161.0,3.67748
"lyo15","Cluster_23","lyon",,29,0.6624,10.7,272.0,6.2,2.89921,289.92053,161.0,3.67748
"35mm","Cluster_23","franc",,29,0.6624,14.4,202.0,4.6,3.83247,383.2468,164.0,3.746
"35mm","Cluster_23","lyon",,29,0.6624,10.7,272.0,6.2,2.84617,284.61711,164.0,3.746
"frankreich","Cluster_23","franc",,29,0.6624,14.4,202.0,4.6,3.59157,359.157,175.0,3.99726
"frankreich","Cluster_23","lyon",,29,0.6624,10.7,272.0,6.2,2.66727,266.72689,175.0,3.99726
"europ","Cluster_23","franc",,15,0.34262,7.4,202.0,4.6,0.77589,77.58926,419.0,9.57058
"europ","Cluster_23","lyon",,15,0.34262,5.5,272.0,6.2,0.57621,57.62144,419.0,9.57058
"nikon","Cluster_23","franc",,31,0.70809,15.3,202.0,4.6,2.30093,230.09291,292.0,6.66971
"nikon","Cluster_23","lyon",,31,0.70809,11.4,272.0,6.2,1.70878,170.87782,292.0,6.66971
"rhônealp","Cluster_23","franc",,60,1.37049,29.7,202.0,4.6,2.37299,237.29855,548.0,12.51713
"rhônealp","Cluster_23","lyon",,60,1.37049,22.1,272.0,6.2,1.76229,176.22907,548.0,12.51713
"lyon","Cluster_23","franc",,197,4.49977,97.5,202.0,4.6,1.21469,121.46895,3515.0,80.2878
"franc","Cluster_23","lyon",,197,4.49977,72.4,272.0,6.2,1.5791,157.9099,2008.0,45.86569
"l35d800","Cluster_15_presquile","franc",,20,0.45683,5.8,346.0,7.9,1.61187,161.187,157.0,3.58611
"leitax","Cluster_15_presquile","franc",,20,0.45683,5.8,346.0,7.9,1.61187,161.187,157.0,3.58611
"summicronr35mmf2","Cluster_15_presquile","franc",,20,0.45683,5.8,346.0,7.9,1.61187,161.187,157.0,3.58611
"summicronr","Cluster_15_presquile","franc",,20,0.45683,5.8,346.0,7.9,1.61187,161.187,157.0,3.58611
"summicron","Cluster_15_presquile","franc",,20,0.45683,5.8,346.0,7.9,1.61187,161.187,157.0,3.58611
"leitz","Cluster_15_presquile","franc",,20,0.45683,5.8,346.0,7.9,1.61187,161.187,157.0,3.58611
"leica","Cluster_15_presquile","franc",,20,0.45683,5.8,346.0,7.9,1.60167,160.16683,158.0,3.60895
"d800","Cluster_15_presquile","franc",,20,0.45683,5.8,346.0,7.9,1.59159,159.15949,159.0,3.6318
"lyo15","Cluster_15_presquile","franc",,20,0.45683,5.8,346.0,7.9,1.57182,157.18235,161.0,3.67748
"35mm","Cluster_15_presquile","franc",,20,0.45683,5.8,346.0,7.9,1.54307,154.30706,164.0,3.746
"frankreich","Cluster_15_presquile","franc",,22,0.50251,6.4,346.0,7.9,1.59069,159.06854,175.0,3.99726
"europ","Cluster_15_presquile","franc",,43,0.98218,12.4,346.0,7.9,1.29854,129.85363,419.0,9.57058
"europ","Cluster_15_presquile","lyon",,42,0.95934,8.4,498.0,11.4,0.88121,88.12146,419.0,9.57058
"nikon","Cluster_15_presquile","franc",,63,1.43901,18.2,346.0,7.9,2.72997,272.99667,292.0,6.66971
"nikon","Cluster_15_presquile","lyon",,65,1.4847,13.1,498.0,11.4,1.95694,195.69373,292.0,6.66971
"rhônealp","Cluster_15_presquile","franc",,89,2.03289,25.7,346.0,7.9,2.05499,205.49871,548.0,12.51713
"rhônealp","Cluster_15_presquile","lyon",,89,2.03289,17.9,498.0,11.4,1.42776,142.77621,548.0,12.51713
"lyon","Cluster_15_presquile","franc",,339,7.74326,98.0,346.0,7.9,1.22032,122.03208,3515.0,80.2878
"franc","Cluster_15_presquile","lyon",,339,7.74326,68.1,498.0,11.4,1.48417,148.41657,2008.0,45.86569
"francja","Cluster_23","franc","lyon",21,0.47967,10.7,197.0,4.5,7.07107,707.1066,66.0,1.50754
"lhc","charlemagn","Cluster_10","lyon",63,1.43901,40.1,157.0,3.6,27.88535,2788.53503,63.0,1.43901
"musé","Cluster_15_presquile","franc","lyon",45,1.02787,13.3,339.0,7.7,6.52978,652.97803,89.0,2.03289
"canoneos6d","Cluster_25","franc","lyon",34,0.77661,25.0,136.0,3.1,21.04808,2104.80769,52.0,1.18776
"natur","Cluster_25","franc","lyon",9,0.20557,6.6,136.0,3.1,4.2606,426.05969,68.0,1.55322
"eo","Cluster_25","franc","lyon",32,0.73093,23.5,136.0,3.1,20.19839,2019.83852,51.0,1.16492
"parcdelatêtedor","Cluster_25","franc","lyon",28,0.63956,20.6,136.0,3.1,7.15359,715.35948,126.0,2.87803
"oldhous","Cluster_15_presquile","franc","lyon",18,0.41115,5.3,339.0,7.7,6.28271,628.27075,37.0,0.84513
"hockey","charlemagn","Cluster_10","lyon",95,2.16994,60.5,157.0,3.6,24.99159,2499.15875,106.0,2.4212
"parc","Cluster_25","franc","lyon",62,1.41617,45.6,136.0,3.1,17.66242,1766.24154,113.0,2.58109
"canon","Cluster_25","franc","lyon",32,0.73093,23.5,136.0,3.1,11.07653,1107.65338,93.0,2.12426
"lion","charlemagn","Cluster_10","lyon",112,2.55825,71.3,157.0,3.6,16.0162,1601.62012,195.0,4.45409
"franc","charlemagn","Cluster_10","lyon",19,0.43399,12.1,157.0,3.6,0.26386,26.38554,2008.0,45.86569
"traboul","Cluster_15_presquile","franc","lyon",23,0.52535,6.8,339.0,7.7,3.5361,353.61006,84.0,1.91868
"rhonealp","Cluster_23","franc","lyon",18,0.41115,9.1,197.0,4.5,3.22597,322.59702,124.0,2.83234
"rhonealp","Cluster_15_presquile","franc","lyon",21,0.47967,6.2,339.0,7.7,2.18713,218.71253,124.0,2.83234
"night","Cluster_15_presquile","franc","lyon",30,0.68524,8.8,339.0,7.7,3.72532,372.53233,104.0,2.37551
"oldtown","Cluster_15_presquile","franc","lyon",40,0.91366,11.8,339.0,7.7,6.37751,637.75083,81.0,1.85016
"sunnyday","Cluster_15_presquile","franc","lyon",27,0.61672,8.0,339.0,7.7,4.84292,484.29204,72.0,1.64459
"d3200","Cluster_15_presquile","franc","lyon",38,0.86798,11.2,339.0,7.7,5.6408,564.07961,87.0,1.98721
"winter","Cluster_15_presquile","franc","lyon",38,0.86798,11.2,339.0,7.7,5.33423,533.42311,92.0,2.10142
"lion","Cluster_25","franc","lyon",8,0.18273,5.9,136.0,3.1,1.32066,132.06637,195.0,4.45409
"vieuxlyon","Cluster_15_presquile","franc","lyon",90,2.05573,26.5,339.0,7.7,8.07153,807.15339,144.0,3.28917
"rhone","Cluster_23","franc","lyon",13,0.29694,6.6,197.0,4.5,2.20537,220.53706,131.0,2.99223
"citi","Cluster_23","franc","lyon",14,0.31978,7.1,197.0,4.5,1.88562,188.56176,165.0,3.76884
"rhône","Cluster_25","franc","lyon",32,0.73093,23.5,136.0,3.1,4.85905,485.90455,212.0,4.84239
"europ","Cluster_25","franc","lyon",7,0.15989,5.1,136.0,3.1,0.5378,53.78001,419.0,9.57058
"rhônealp","Cluster_25","franc","lyon",43,0.98218,31.6,136.0,3.1,2.52595,252.595,548.0,12.51713
"basiliqu","Cluster_23","franc","lyon",50,1.14207,25.4,197.0,4.5,9.1832,918.32026,121.0,2.76382
"rhône","Cluster_15_presquile","franc","lyon",26,0.59388,7.7,339.0,7.7,1.58385,158.38482,212.0,4.84239
"fourvièr","Cluster_23","franc","lyon",73,1.66743,37.1,197.0,4.5,7.79954,779.95412,208.0,4.75103
"architectur","Cluster_15_presquile","franc","lyon",41,0.9365,12.1,339.0,7.7,2.97468,297.46777,178.0,4.06578
"kirch","Cluster_23","franc","lyon",28,0.63956,14.2,197.0,4.5,6.28539,628.5392,99.0,2.26131
"church","Cluster_23","franc","lyon",39,0.89082,19.8,197.0,4.5,6.19079,619.07904,140.0,3.19781
"l35d800","Cluster_23","franc","lyon",29,0.6624,14.7,197.0,4.5,4.10495,410.495,157.0,3.58611
"leitax","Cluster_23","franc","lyon",29,0.6624,14.7,197.0,4.5,4.10495,410.495,157.0,3.58611
"summicronr35mmf2","Cluster_23","franc","lyon",29,0.6624,14.7,197.0,4.5,4.10495,410.495,157.0,3.58611
"summicronr","Cluster_23","franc","lyon",29,0.6624,14.7,197.0,4.5,4.10495,410.495,157.0,3.58611
"summicron","Cluster_23","franc","lyon",29,0.6624,14.7,197.0,4.5,4.10495,410.495,157.0,3.58611
"leitz","Cluster_23","franc","lyon",29,0.6624,14.7,197.0,4.5,4.10495,410.495,157.0,3.58611
"leica","Cluster_23","franc","lyon",29,0.6624,14.7,197.0,4.5,4.07897,407.89694,158.0,3.60895
"d800","Cluster_23","franc","lyon",29,0.6624,14.7,197.0,4.5,4.05332,405.33155,159.0,3.6318
"lyo15","Cluster_23","franc","lyon",29,0.6624,14.7,197.0,4.5,4.00296,400.29637,161.0,3.67748
"35mm","Cluster_23","franc","lyon",29,0.6624,14.7,197.0,4.5,3.92974,392.97388,164.0,3.746
"frankreich","Cluster_23","franc","lyon",29,0.6624,14.7,197.0,4.5,3.68273,368.27266,175.0,3.99726
"europ","Cluster_23","franc","lyon",15,0.34262,7.6,197.0,4.5,0.79559,79.55853,419.0,9.57058
"nikon","Cluster_23","franc","lyon",31,0.70809,15.7,197.0,4.5,2.35933,235.93283,292.0,6.66971
"rhônealp","Cluster_23","franc","lyon",60,1.37049,30.5,197.0,4.5,2.43321,243.32135,548.0,12.51713
"l35d800","Cluster_15_presquile","franc","lyon",20,0.45683,5.9,339.0,7.7,1.64515,164.51534,157.0,3.58611
"leitax","Cluster_15_presquile","franc","lyon",20,0.45683,5.9,339.0,7.7,1.64515,164.51534,157.0,3.58611
"summicronr35mmf2","Cluster_15_presquile","franc","lyon",20,0.45683,5.9,339.0,7.7,1.64515,164.51534,157.0,3.58611
"summicronr","Cluster_15_presquile","franc","lyon",20,0.45683,5.9,339.0,7.7,1.64515,164.51534,157.0,3.58611
"summicron","Cluster_15_presquile","franc","lyon",20,0.45683,5.9,339.0,7.7,1.64515,164.51534,157.0,3.58611
"leitz","Cluster_15_presquile","franc","lyon",20,0.45683,5.9,339.0,7.7,1.64515,164.51534,157.0,3.58611
"leica","Cluster_15_presquile","franc","lyon",20,0.45683,5.9,339.0,7.7,1.63474,163.4741,158.0,3.60895
"d800","Cluster_15_presquile","franc","lyon",20,0.45683,5.9,339.0,7.7,1.62446,162.44597,159.0,3.6318
"lyo15","Cluster_15_presquile","franc","lyon",20,0.45683,5.9,339.0,7.7,1.60428,160.428,161.0,3.67748
"35mm","Cluster_15_presquile","franc","lyon",20,0.45683,5.9,339.0,7.7,1.57493,157.49334,164.0,3.746
"frankreich","Cluster_15_presquile","franc","lyon",22,0.50251,6.5,339.0,7.7,1.62353,162.35314,175.0,3.99726
"europ","Cluster_15_presquile","franc","lyon",42,0.95934,12.4,339.0,7.7,1.29453,129.45276,419.0,9.57058
"nikon","Cluster_15_presquile","franc","lyon",63,1.43901,18.6,339.0,7.7,2.78634,278.63377,292.0,6.66971
"rhônealp","Cluster_15_presquile","franc","lyon",87,1.98721,25.7,339.0,7.7,2.05029,205.02874,548.0,12.51713
